source,principles,mechanisms,targets,sequence,seq_length
AMPresearch.txt,"cationic_enhancement,tryptophan_anchoring,cyclization_stability,hydrophobic_balance,amphipathic_helix","membrane_disruption,pore_formation,intracellular_targeting,immune_modulation",Gram-negative,AMPGAN,6.0
AMPresearch.txt,"cationic_enhancement,tryptophan_anchoring,cyclization_stability,hydrophobic_balance,amphipathic_helix","membrane_disruption,pore_formation,intracellular_targeting,immune_modulation",Gram-negative,AIPAMPDS,8.0
AMPGPT2.txt,"amphipathic_helix,cationic_enhancement,hydrophobic_balance",membrane_disruption,"E.coli,K.pneumoniae,S.aureus,Gram-negative",ESKAPE,6.0
AMPGPT2.txt,"amphipathic_helix,cationic_enhancement,hydrophobic_balance",membrane_disruption,"E.coli,K.pneumoniae,S.aureus,Gram-negative",HITACHI,7.0
AMPGPT2.txt,"amphipathic_helix,cationic_enhancement,hydrophobic_balance",membrane_disruption,"E.coli,K.pneumoniae,S.aureus,Gram-negative",REFERENCES,10.0
Antimicrobial-peptides-structure-functions-and-translational-applications.txt,"cationic_enhancement,tryptophan_anchoring,cyclization_stability,arginine_rich,hydrophobic_balance,amphipathic_helix","membrane_disruption,pore_formation,intracellular_targeting,immune_modulation","S.aureus,Gram-positive,E.coli,Gram-negative,K.pneumoniae,P.aeruginosa,A.baumannii",N/A (Theory Only),
1-s2.0-S2589004224019436-main.txt,cationic_enhancement,immune_modulation,"S.aureus,Gram-positive,E.coli,Gram-negative,K.pneumoniae,P.aeruginosa,A.baumannii",ESKAPE,6.0
1-s2.0-S2589004224019436-main.txt,cationic_enhancement,immune_modulation,"S.aureus,Gram-positive,E.coli,Gram-negative,K.pneumoniae,P.aeruginosa,A.baumannii",ESKAPEE,7.0
Antimicrobial Peptides.txt,"cationic_enhancement,tryptophan_anchoring,cyclization_stability,arginine_rich,hydrophobic_balance,amphipathic_helix","membrane_disruption,pore_formation,intracellular_targeting,immune_modulation","S.aureus,Gram-positive,E.coli,Gram-negative,P.aeruginosa,A.baumannii",MGSSHHHHHHSSGLVPRGSHMASMTGGQQMGRGS,34.0
Antimicrobial Peptides.txt,"cationic_enhancement,tryptophan_anchoring,cyclization_stability,arginine_rich,hydrophobic_balance,amphipathic_helix","membrane_disruption,pore_formation,intracellular_targeting,immune_modulation","S.aureus,Gram-positive,E.coli,Gram-negative,P.aeruginosa,A.baumannii",TAGTTATTGCTCAGC,15.0
Antimicrobial Peptides.txt,"cationic_enhancement,tryptophan_anchoring,cyclization_stability,arginine_rich,hydrophobic_balance,amphipathic_helix","membrane_disruption,pore_formation,intracellular_targeting,immune_modulation","S.aureus,Gram-positive,E.coli,Gram-negative,P.aeruginosa,A.baumannii",LLSVPIAPVIRSK,13.0
Antimicrobial Peptides.txt,"cationic_enhancement,tryptophan_anchoring,cyclization_stability,arginine_rich,hydrophobic_balance,amphipathic_helix","membrane_disruption,pore_formation,intracellular_targeting,immune_modulation","S.aureus,Gram-positive,E.coli,Gram-negative,P.aeruginosa,A.baumannii",ACWQVSRRRRG,11.0
Antimicrobial Peptides.txt,"cationic_enhancement,tryptophan_anchoring,cyclization_stability,arginine_rich,hydrophobic_balance,amphipathic_helix","membrane_disruption,pore_formation,intracellular_targeting,immune_modulation","S.aureus,Gram-positive,E.coli,Gram-negative,P.aeruginosa,A.baumannii",RRWFWR,6.0
Antimicrobial Peptides.txt,"cationic_enhancement,tryptophan_anchoring,cyclization_stability,arginine_rich,hydrophobic_balance,amphipathic_helix","membrane_disruption,pore_formation,intracellular_targeting,immune_modulation","S.aureus,Gram-positive,E.coli,Gram-negative,P.aeruginosa,A.baumannii",RRRWFW,6.0
Antimicrobial Peptides.txt,"cationic_enhancement,tryptophan_anchoring,cyclization_stability,arginine_rich,hydrophobic_balance,amphipathic_helix","membrane_disruption,pore_formation,intracellular_targeting,immune_modulation","S.aureus,Gram-positive,E.coli,Gram-negative,P.aeruginosa,A.baumannii",GERMAP,6.0
Antimicrobial Peptides.txt,"cationic_enhancement,tryptophan_anchoring,cyclization_stability,arginine_rich,hydrophobic_balance,amphipathic_helix","membrane_disruption,pore_formation,intracellular_targeting,immune_modulation","S.aureus,Gram-positive,E.coli,Gram-negative,P.aeruginosa,A.baumannii",DLSLERGDNLK,11.0
Antimicrobial Peptides.txt,"cationic_enhancement,tryptophan_anchoring,cyclization_stability,arginine_rich,hydrophobic_balance,amphipathic_helix","membrane_disruption,pore_formation,intracellular_targeting,immune_modulation","S.aureus,Gram-positive,E.coli,Gram-negative,P.aeruginosa,A.baumannii",DESIGN,6.0
Antimicrobial Peptides.txt,"cationic_enhancement,tryptophan_anchoring,cyclization_stability,arginine_rich,hydrophobic_balance,amphipathic_helix","membrane_disruption,pore_formation,intracellular_targeting,immune_modulation","S.aureus,Gram-positive,E.coli,Gram-negative,P.aeruginosa,A.baumannii",LLKLLKKLLKKLLKL,15.0
Antimicrobial Peptides.txt,"cationic_enhancement,tryptophan_anchoring,cyclization_stability,arginine_rich,hydrophobic_balance,amphipathic_helix","membrane_disruption,pore_formation,intracellular_targeting,immune_modulation","S.aureus,Gram-positive,E.coli,Gram-negative,P.aeruginosa,A.baumannii",LIRGLFKSFWQVF,13.0
Antimicrobial Peptides.txt,"cationic_enhancement,tryptophan_anchoring,cyclization_stability,arginine_rich,hydrophobic_balance,amphipathic_helix","membrane_disruption,pore_formation,intracellular_targeting,immune_modulation","S.aureus,Gram-positive,E.coli,Gram-negative,P.aeruginosa,A.baumannii",MLFYNGSCTYTVETGQPFQGYKQEVGIKVKHEAH,34.0
Antimicrobial Peptides.txt,"cationic_enhancement,tryptophan_anchoring,cyclization_stability,arginine_rich,hydrophobic_balance,amphipathic_helix","membrane_disruption,pore_formation,intracellular_targeting,immune_modulation","S.aureus,Gram-positive,E.coli,Gram-negative,P.aeruginosa,A.baumannii",DANIELA,7.0
Antimicrobial Peptides.txt,"cationic_enhancement,tryptophan_anchoring,cyclization_stability,arginine_rich,hydrophobic_balance,amphipathic_helix","membrane_disruption,pore_formation,intracellular_targeting,immune_modulation","S.aureus,Gram-positive,E.coli,Gram-negative,P.aeruginosa,A.baumannii",KENNETH,7.0
Antimicrobial Peptides.txt,"cationic_enhancement,tryptophan_anchoring,cyclization_stability,arginine_rich,hydrophobic_balance,amphipathic_helix","membrane_disruption,pore_formation,intracellular_targeting,immune_modulation","S.aureus,Gram-positive,E.coli,Gram-negative,P.aeruginosa,A.baumannii",IRCPYPIQGYERWAKWVKRGTKGIKRGLKQIRKRTKRFKKRLG,43.0
Antimicrobial Peptides.txt,"cationic_enhancement,tryptophan_anchoring,cyclization_stability,arginine_rich,hydrophobic_balance,amphipathic_helix","membrane_disruption,pore_formation,intracellular_targeting,immune_modulation","S.aureus,Gram-positive,E.coli,Gram-negative,P.aeruginosa,A.baumannii",TQEHSNRWN,9.0
Antimicrobial Peptides.txt,"cationic_enhancement,tryptophan_anchoring,cyclization_stability,arginine_rich,hydrophobic_balance,amphipathic_helix","membrane_disruption,pore_formation,intracellular_targeting,immune_modulation","S.aureus,Gram-positive,E.coli,Gram-negative,P.aeruginosa,A.baumannii",IIKWKLHRKFLK,12.0
Antimicrobial Peptides.txt,"cationic_enhancement,tryptophan_anchoring,cyclization_stability,arginine_rich,hydrophobic_balance,amphipathic_helix","membrane_disruption,pore_formation,intracellular_targeting,immune_modulation","S.aureus,Gram-positive,E.coli,Gram-negative,P.aeruginosa,A.baumannii",MICHAEL,7.0
Antimicrobial Peptides.txt,"cationic_enhancement,tryptophan_anchoring,cyclization_stability,arginine_rich,hydrophobic_balance,amphipathic_helix","membrane_disruption,pore_formation,intracellular_targeting,immune_modulation","S.aureus,Gram-positive,E.coli,Gram-negative,P.aeruginosa,A.baumannii",MADHYASTHA,10.0
Antimicrobial Peptides.txt,"cationic_enhancement,tryptophan_anchoring,cyclization_stability,arginine_rich,hydrophobic_balance,amphipathic_helix","membrane_disruption,pore_formation,intracellular_targeting,immune_modulation","S.aureus,Gram-positive,E.coli,Gram-negative,P.aeruginosa,A.baumannii",KWRWRVKKR,9.0
Antimicrobial Peptides.txt,"cationic_enhancement,tryptophan_anchoring,cyclization_stability,arginine_rich,hydrophobic_balance,amphipathic_helix","membrane_disruption,pore_formation,intracellular_targeting,immune_modulation","S.aureus,Gram-positive,E.coli,Gram-negative,P.aeruginosa,A.baumannii",AGENTS,6.0
Antimicrobial Peptides.txt,"cationic_enhancement,tryptophan_anchoring,cyclization_stability,arginine_rich,hydrophobic_balance,amphipathic_helix","membrane_disruption,pore_formation,intracellular_targeting,immune_modulation","S.aureus,Gram-positive,E.coli,Gram-negative,P.aeruginosa,A.baumannii",RINALDI,7.0
Antimicrobial Peptides.txt,"cationic_enhancement,tryptophan_anchoring,cyclization_stability,arginine_rich,hydrophobic_balance,amphipathic_helix","membrane_disruption,pore_formation,intracellular_targeting,immune_modulation","S.aureus,Gram-positive,E.coli,Gram-negative,P.aeruginosa,A.baumannii",SRINIVASA,9.0
Antimicrobial Peptides.txt,"cationic_enhancement,tryptophan_anchoring,cyclization_stability,arginine_rich,hydrophobic_balance,amphipathic_helix","membrane_disruption,pore_formation,intracellular_targeting,immune_modulation","S.aureus,Gram-positive,E.coli,Gram-negative,P.aeruginosa,A.baumannii",WINKLER,7.0
Antimicrobial Peptides.txt,"cationic_enhancement,tryptophan_anchoring,cyclization_stability,arginine_rich,hydrophobic_balance,amphipathic_helix","membrane_disruption,pore_formation,intracellular_targeting,immune_modulation","S.aureus,Gram-positive,E.coli,Gram-negative,P.aeruginosa,A.baumannii",PHILIPPE,8.0
Antimicrobial Peptides.txt,"cationic_enhancement,tryptophan_anchoring,cyclization_stability,arginine_rich,hydrophobic_balance,amphipathic_helix","membrane_disruption,pore_formation,intracellular_targeting,immune_modulation","S.aureus,Gram-positive,E.coli,Gram-negative,P.aeruginosa,A.baumannii",PISEMA,6.0
Antimicrobial Peptides.txt,"cationic_enhancement,tryptophan_anchoring,cyclization_stability,arginine_rich,hydrophobic_balance,amphipathic_helix","membrane_disruption,pore_formation,intracellular_targeting,immune_modulation","S.aureus,Gram-positive,E.coli,Gram-negative,P.aeruginosa,A.baumannii",WCRRYRVLVGRVRVYAYVCWR,21.0
Antimicrobial Peptides.txt,"cationic_enhancement,tryptophan_anchoring,cyclization_stability,arginine_rich,hydrophobic_balance,amphipathic_helix","membrane_disruption,pore_formation,intracellular_targeting,immune_modulation","S.aureus,Gram-positive,E.coli,Gram-negative,P.aeruginosa,A.baumannii",ANTIMIC,7.0
Antimicrobial Peptides.txt,"cationic_enhancement,tryptophan_anchoring,cyclization_stability,arginine_rich,hydrophobic_balance,amphipathic_helix","membrane_disruption,pore_formation,intracellular_targeting,immune_modulation","S.aureus,Gram-positive,E.coli,Gram-negative,P.aeruginosa,A.baumannii",SERGII,6.0
Antimicrobial Peptides.txt,"cationic_enhancement,tryptophan_anchoring,cyclization_stability,arginine_rich,hydrophobic_balance,amphipathic_helix","membrane_disruption,pore_formation,intracellular_targeting,immune_modulation","S.aureus,Gram-positive,E.coli,Gram-negative,P.aeruginosa,A.baumannii",STEPHAN,7.0
Antimicrobial Peptides.txt,"cationic_enhancement,tryptophan_anchoring,cyclization_stability,arginine_rich,hydrophobic_balance,amphipathic_helix","membrane_disruption,pore_formation,intracellular_targeting,immune_modulation","S.aureus,Gram-positive,E.coli,Gram-negative,P.aeruginosa,A.baumannii",LANGHAM,7.0
Antimicrobial Peptides.txt,"cationic_enhancement,tryptophan_anchoring,cyclization_stability,arginine_rich,hydrophobic_balance,amphipathic_helix","membrane_disruption,pore_formation,intracellular_targeting,immune_modulation","S.aureus,Gram-positive,E.coli,Gram-negative,P.aeruginosa,A.baumannii",GGCAAGGTGGTGAGCATC,18.0
Antimicrobial Peptides.txt,"cationic_enhancement,tryptophan_anchoring,cyclization_stability,arginine_rich,hydrophobic_balance,amphipathic_helix","membrane_disruption,pore_formation,intracellular_targeting,immune_modulation","S.aureus,Gram-positive,E.coli,Gram-negative,P.aeruginosa,A.baumannii",CHARMM,6.0
Antimicrobial Peptides.txt,"cationic_enhancement,tryptophan_anchoring,cyclization_stability,arginine_rich,hydrophobic_balance,amphipathic_helix","membrane_disruption,pore_formation,intracellular_targeting,immune_modulation","S.aureus,Gram-positive,E.coli,Gram-negative,P.aeruginosa,A.baumannii",ITAAQGVVAVAPGAKVIGDRINQGVKEIKKFIKWR,35.0
Antimicrobial Peptides.txt,"cationic_enhancement,tryptophan_anchoring,cyclization_stability,arginine_rich,hydrophobic_balance,amphipathic_helix","membrane_disruption,pore_formation,intracellular_targeting,immune_modulation","S.aureus,Gram-positive,E.coli,Gram-negative,P.aeruginosa,A.baumannii",EVELINA,7.0
Antimicrobial Peptides.txt,"cationic_enhancement,tryptophan_anchoring,cyclization_stability,arginine_rich,hydrophobic_balance,amphipathic_helix","membrane_disruption,pore_formation,intracellular_targeting,immune_modulation","S.aureus,Gram-positive,E.coli,Gram-negative,P.aeruginosa,A.baumannii",RRWWRF,6.0
Antimicrobial Peptides.txt,"cationic_enhancement,tryptophan_anchoring,cyclization_stability,arginine_rich,hydrophobic_balance,amphipathic_helix","membrane_disruption,pore_formation,intracellular_targeting,immune_modulation","S.aureus,Gram-positive,E.coli,Gram-negative,P.aeruginosa,A.baumannii",PASETKA,7.0
Antimicrobial Peptides.txt,"cationic_enhancement,tryptophan_anchoring,cyclization_stability,arginine_rich,hydrophobic_balance,amphipathic_helix","membrane_disruption,pore_formation,intracellular_targeting,immune_modulation","S.aureus,Gram-positive,E.coli,Gram-negative,P.aeruginosa,A.baumannii",PFRPPFRPPFGPPIRPPLRPPFFPPPRPRPLYPPRPRRR,39.0
Antimicrobial Peptides.txt,"cationic_enhancement,tryptophan_anchoring,cyclization_stability,arginine_rich,hydrophobic_balance,amphipathic_helix","membrane_disruption,pore_formation,intracellular_targeting,immune_modulation","S.aureus,Gram-positive,E.coli,Gram-negative,P.aeruginosa,A.baumannii",SGSLSTFFRLFNASFTQALGK,21.0
Antimicrobial Peptides.txt,"cationic_enhancement,tryptophan_anchoring,cyclization_stability,arginine_rich,hydrophobic_balance,amphipathic_helix","membrane_disruption,pore_formation,intracellular_targeting,immune_modulation","S.aureus,Gram-positive,E.coli,Gram-negative,P.aeruginosa,A.baumannii",SSVMACERICKPPFNSWQGNPLCSIRAMGKLKFG,34.0
Antimicrobial Peptides.txt,"cationic_enhancement,tryptophan_anchoring,cyclization_stability,arginine_rich,hydrophobic_balance,amphipathic_helix","membrane_disruption,pore_formation,intracellular_targeting,immune_modulation","S.aureus,Gram-positive,E.coli,Gram-negative,P.aeruginosa,A.baumannii",CVFGGKA,7.0
Antimicrobial Peptides.txt,"cationic_enhancement,tryptophan_anchoring,cyclization_stability,arginine_rich,hydrophobic_balance,amphipathic_helix","membrane_disruption,pore_formation,intracellular_targeting,immune_modulation","S.aureus,Gram-positive,E.coli,Gram-negative,P.aeruginosa,A.baumannii",HAEHKVKIGVEQKYGQFPQGTEVTYTCSGNYFLM,34.0
Antimicrobial Peptides.txt,"cationic_enhancement,tryptophan_anchoring,cyclization_stability,arginine_rich,hydrophobic_balance,amphipathic_helix","membrane_disruption,pore_formation,intracellular_targeting,immune_modulation","S.aureus,Gram-positive,E.coli,Gram-negative,P.aeruginosa,A.baumannii",ANALYSIS,8.0
Antimicrobial Peptides.txt,"cationic_enhancement,tryptophan_anchoring,cyclization_stability,arginine_rich,hydrophobic_balance,amphipathic_helix","membrane_disruption,pore_formation,intracellular_targeting,immune_modulation","S.aureus,Gram-positive,E.coli,Gram-negative,P.aeruginosa,A.baumannii",MECHANISMS,10.0
Antimicrobial Peptides.txt,"cationic_enhancement,tryptophan_anchoring,cyclization_stability,arginine_rich,hydrophobic_balance,amphipathic_helix","membrane_disruption,pore_formation,intracellular_targeting,immune_modulation","S.aureus,Gram-positive,E.coli,Gram-negative,P.aeruginosa,A.baumannii",ANDREA,6.0
Antimicrobial Peptides.txt,"cationic_enhancement,tryptophan_anchoring,cyclization_stability,arginine_rich,hydrophobic_balance,amphipathic_helix","membrane_disruption,pore_formation,intracellular_targeting,immune_modulation","S.aureus,Gram-positive,E.coli,Gram-negative,P.aeruginosa,A.baumannii",SARSTEDT,8.0
Antimicrobial Peptides.txt,"cationic_enhancement,tryptophan_anchoring,cyclization_stability,arginine_rich,hydrophobic_balance,amphipathic_helix","membrane_disruption,pore_formation,intracellular_targeting,immune_modulation","S.aureus,Gram-positive,E.coli,Gram-negative,P.aeruginosa,A.baumannii",ALMEIDA,7.0
Antimicrobial Peptides.txt,"cationic_enhancement,tryptophan_anchoring,cyclization_stability,arginine_rich,hydrophobic_balance,amphipathic_helix","membrane_disruption,pore_formation,intracellular_targeting,immune_modulation","S.aureus,Gram-positive,E.coli,Gram-negative,P.aeruginosa,A.baumannii",HFKRKYGHHRKA,12.0
Antimicrobial Peptides.txt,"cationic_enhancement,tryptophan_anchoring,cyclization_stability,arginine_rich,hydrophobic_balance,amphipathic_helix","membrane_disruption,pore_formation,intracellular_targeting,immune_modulation","S.aureus,Gram-positive,E.coli,Gram-negative,P.aeruginosa,A.baumannii",SGSLSTFFRLFNRSFTQALGK,21.0
Antimicrobial Peptides.txt,"cationic_enhancement,tryptophan_anchoring,cyclization_stability,arginine_rich,hydrophobic_balance,amphipathic_helix","membrane_disruption,pore_formation,intracellular_targeting,immune_modulation","S.aureus,Gram-positive,E.coli,Gram-negative,P.aeruginosa,A.baumannii",SETRPVLNRLFDKIRQVIRKFEKGIKEKSKRFFDGLL,37.0
Antimicrobial Peptides.txt,"cationic_enhancement,tryptophan_anchoring,cyclization_stability,arginine_rich,hydrophobic_balance,amphipathic_helix","membrane_disruption,pore_formation,intracellular_targeting,immune_modulation","S.aureus,Gram-positive,E.coli,Gram-negative,P.aeruginosa,A.baumannii",CYGGKYGKISK,11.0
Antimicrobial Peptides.txt,"cationic_enhancement,tryptophan_anchoring,cyclization_stability,arginine_rich,hydrophobic_balance,amphipathic_helix","membrane_disruption,pore_formation,intracellular_targeting,immune_modulation","S.aureus,Gram-positive,E.coli,Gram-negative,P.aeruginosa,A.baumannii",SASRIN,6.0
Antimicrobial Peptides.txt,"cationic_enhancement,tryptophan_anchoring,cyclization_stability,arginine_rich,hydrophobic_balance,amphipathic_helix","membrane_disruption,pore_formation,intracellular_targeting,immune_modulation","S.aureus,Gram-positive,E.coli,Gram-negative,P.aeruginosa,A.baumannii",VIIKWKAQKRFLKMSVNLDQIS,22.0
Antimicrobial Peptides.txt,"cationic_enhancement,tryptophan_anchoring,cyclization_stability,arginine_rich,hydrophobic_balance,amphipathic_helix","membrane_disruption,pore_formation,intracellular_targeting,immune_modulation","S.aureus,Gram-positive,E.coli,Gram-negative,P.aeruginosa,A.baumannii",KRRWPWWPWRLI,12.0
Antimicrobial Peptides.txt,"cationic_enhancement,tryptophan_anchoring,cyclization_stability,arginine_rich,hydrophobic_balance,amphipathic_helix","membrane_disruption,pore_formation,intracellular_targeting,immune_modulation","S.aureus,Gram-positive,E.coli,Gram-negative,P.aeruginosa,A.baumannii",MARCELLINI,10.0
Antimicrobial Peptides.txt,"cationic_enhancement,tryptophan_anchoring,cyclization_stability,arginine_rich,hydrophobic_balance,amphipathic_helix","membrane_disruption,pore_formation,intracellular_targeting,immune_modulation","S.aureus,Gram-positive,E.coli,Gram-negative,P.aeruginosa,A.baumannii",ANNELISE,8.0
Antimicrobial Peptides.txt,"cationic_enhancement,tryptophan_anchoring,cyclization_stability,arginine_rich,hydrophobic_balance,amphipathic_helix","membrane_disruption,pore_formation,intracellular_targeting,immune_modulation","S.aureus,Gram-positive,E.coli,Gram-negative,P.aeruginosa,A.baumannii",GAATTC,6.0
Antimicrobial Peptides.txt,"cationic_enhancement,tryptophan_anchoring,cyclization_stability,arginine_rich,hydrophobic_balance,amphipathic_helix","membrane_disruption,pore_formation,intracellular_targeting,immune_modulation","S.aureus,Gram-positive,E.coli,Gram-negative,P.aeruginosa,A.baumannii",HEALTH,6.0
Antimicrobial Peptides.txt,"cationic_enhancement,tryptophan_anchoring,cyclization_stability,arginine_rich,hydrophobic_balance,amphipathic_helix","membrane_disruption,pore_formation,intracellular_targeting,immune_modulation","S.aureus,Gram-positive,E.coli,Gram-negative,P.aeruginosa,A.baumannii",YIANNIS,7.0
Antimicrobial Peptides.txt,"cationic_enhancement,tryptophan_anchoring,cyclization_stability,arginine_rich,hydrophobic_balance,amphipathic_helix","membrane_disruption,pore_formation,intracellular_targeting,immune_modulation","S.aureus,Gram-positive,E.coli,Gram-negative,P.aeruginosa,A.baumannii",SHAREL,6.0
Antimicrobial Peptides.txt,"cationic_enhancement,tryptophan_anchoring,cyclization_stability,arginine_rich,hydrophobic_balance,amphipathic_helix","membrane_disruption,pore_formation,intracellular_targeting,immune_modulation","S.aureus,Gram-positive,E.coli,Gram-negative,P.aeruginosa,A.baumannii",CQMDDEDWPGN,11.0
Antimicrobial Peptides.txt,"cationic_enhancement,tryptophan_anchoring,cyclization_stability,arginine_rich,hydrophobic_balance,amphipathic_helix","membrane_disruption,pore_formation,intracellular_targeting,immune_modulation","S.aureus,Gram-positive,E.coli,Gram-negative,P.aeruginosa,A.baumannii",NATHANIEL,9.0
Antimicrobial Peptides.txt,"cationic_enhancement,tryptophan_anchoring,cyclization_stability,arginine_rich,hydrophobic_balance,amphipathic_helix","membrane_disruption,pore_formation,intracellular_targeting,immune_modulation","S.aureus,Gram-positive,E.coli,Gram-negative,P.aeruginosa,A.baumannii",HILPERT,7.0
AMP.txt,"cationic_enhancement,tryptophan_anchoring,cyclization_stability,hydrophobic_balance,amphipathic_helix","membrane_disruption,pore_formation,intracellular_targeting,immune_modulation","S.aureus,Gram-positive,E.coli,Gram-negative,P.aeruginosa",RRWWRF,6.0
AMP.txt,"cationic_enhancement,tryptophan_anchoring,cyclization_stability,hydrophobic_balance,amphipathic_helix","membrane_disruption,pore_formation,intracellular_targeting,immune_modulation","S.aureus,Gram-positive,E.coli,Gram-negative,P.aeruginosa",SGSLSTFFRLFNRSFTQALGK,21.0
AMP.txt,"cationic_enhancement,tryptophan_anchoring,cyclization_stability,hydrophobic_balance,amphipathic_helix","membrane_disruption,pore_formation,intracellular_targeting,immune_modulation","S.aureus,Gram-positive,E.coli,Gram-negative,P.aeruginosa",MARTINI,7.0
AMP.txt,"cationic_enhancement,tryptophan_anchoring,cyclization_stability,hydrophobic_balance,amphipathic_helix","membrane_disruption,pore_formation,intracellular_targeting,immune_modulation","S.aureus,Gram-positive,E.coli,Gram-negative,P.aeruginosa",RRRWFW,6.0
AMP.txt,"cationic_enhancement,tryptophan_anchoring,cyclization_stability,hydrophobic_balance,amphipathic_helix","membrane_disruption,pore_formation,intracellular_targeting,immune_modulation","S.aureus,Gram-positive,E.coli,Gram-negative,P.aeruginosa",SGSLSTFFRLFNASFTQALGK,21.0
AMP.txt,"cationic_enhancement,tryptophan_anchoring,cyclization_stability,hydrophobic_balance,amphipathic_helix","membrane_disruption,pore_formation,intracellular_targeting,immune_modulation","S.aureus,Gram-positive,E.coli,Gram-negative,P.aeruginosa",CHARMM,6.0
example.txt,"amphipathic_helix,cationic_enhancement","membrane_disruption,pore_formation","S.aureus,E.coli",RRWRIVVIRK,10.0
example.txt,"amphipathic_helix,cationic_enhancement","membrane_disruption,pore_formation","S.aureus,E.coli",KLWKKIKKLAKKV,13.0
